Student,PS1,PS2
Stephane,20,18
Xavier,15,23
Yvette,10,17
Mia,,23
Noah,34,20
Oscar,35,10
Azra,12,28
Zehra,14,16
Ayaz,32,
Mustafa,23,34
Anastasia,25,35
Polina,25,12
Andrey,20,17
Egor,,12
Catalina,16,26
Aaliyah,22,20
Jorge,17,11
Kaito,33,26
Daiki,28,18
Misaki,14,
Rowena,18,33
Pranav,13,14
Anika,,20
Tejas,34,31
Seo-jun,19,15
Ha-yoon,16,30
Zhang Wei,16,22
Wang Min,33,35
Ella,10,
Florence,21,
Cora,14,31
Martha,34,19
Laura,30,24
Nellie,22,30
Grace,25,18
Carrie,16,26
Maude,35,24
Samuel,,26
Mabel,13,25
Bessie,31,34
Jennie,33,20
Gertrude,16,25
Julia,25,32
Hattie,15,20
Edith,35,20
David,16,30
Mattie,29,18
Rose,21,14
Catherine,19,
Louis,21,26
Lillian,18,19
Ada,16,32
Lillie,,17
Helen,12,20
Jessie,18,22
Louise,26,16
Ethel,24,29
Lula,11,
Myrtle,34,27
Eva,26,24
Frances,26,28
Lena,35,29
Joe,25,22
Charlie,35,34
Clarence,24,19
Richard,25,14
Lucy,33,33
Edna,31,31
Maggie,22,34
Pearl,28,28
Daisy,33,17
Fannie,15,
Josephine,32,31
Andrew,29,35
Daniel,27,32
Dora,18,17
Ernest,,25
Rosa,25,30
Katherine,15,22
Will,14,10
Agnes,,32
Marie,30,
Nora,27,21
Jesse,27,10
May,31,19
Oscar,32,12
Mamie,17,27
Blanche,13,27
Lewis,21,26
Stella,30,17
Ellen,33,14
Nancy,23,13
Peter,21,32
Effie,,32
Sallie,29,29
Benjamin,14,25
Nettie,25,23
Frederick,32,
Willie,33,26
Della,13,14
Lizzie,26,20
Alfred,34,23
Sam,10,20
Flora,18,29
Roy,28,33
Susie,24,13
Herbert,22,22
Maud,35,27
Mae,,29
Jacob,32,14
Tom,16,
Etta,33,20
Harriet,22,29
Sadie,26,22
Elmer,18,14
Carl,27,12
Caroline,14,12
Katie,,34
Lydia,30,29
Elsie,13,12
Kate,,34
Lee,17,27
Howard,24,
Martin,16,22
Michael,30,33
Bert,22,25
Herman,31,24
Susan,32,33
Jim,25,16
Francis,27,20
Harvey,27,16
Mollie,26,18
Alma,,35
Earl,18,25
Addie,20,21
Eugene,18,35
Ralph,34,13
Georgia,17,
Ed,20,32
Claude,26,
Edwin,27,16
Eliza,26,15
Ben,27,35
Charley,30,21
Lulu,31,16
Paul,20,12
Nannie,18,19
Lottie,31,29
Amanda,22,16
Belle,,19
Charlotte,30,30
Rebecca,35,25
Ruth,28,19
Edgar,26,19
Viola,20,24
Isaac,20,32
Olive,29,34
Otto,18,34
Amelia,18,21
Hannah,17,34
Jane,24,
Luther,20,19
Virginia,,24
Lawrence,33,17
Emily,25,16
Ira,34,26
Patrick,,19
Guy,28,16
Oliver,12,19
Theodore,25,
Hugh,28,23
Clyde,22,30
Alexander,21,29
August,,20
Floyd,30,
Homer,19,24
Jack,17,25
Leonard,15,10
Horace,31,25
Marion,18,35
Philip,17,26
Allen,35,
Archie,15,22
Stephen,35,28
Chester,,24
Willis,18,26
Raymond,30,30
Rufus,14,14
Warren,21,
Jessie,29,34
Milton,32,34
Alex,28,35
Leo,30,19
Julius,20,34
Ray,28,26
Sidney,30,18
Bernard,27,32
Dan,20,32
Jerry,18,28
Calvin,17,28
John,34,34
William,33,16
Mary,27,26
James,19,22
George,,14
Charles,21,31
Anna,34,17
Frank,,22
Joseph,10,20
Henry,25,16
Thomas,30,24
Emma,25,14
Edward,24,28
Robert,11,19
Elizabeth,29,19
Harry,22,31
Margaret,17,33
Minnie,,25
Walter,18,29
Ida,19,23
Arthur,29,18
Annie,29,17
Bertha,11,16
Alice,14,28
Fred,25,22
Clara,16,32
Sarah,23,
Albert,28,35
Ella,16,29
Nellie,13,23
Grace,21,16
Florence,22,25
Martha,29,23
Cora,22,
Laura,14,34
Carrie,19,21
Maude,35,23
Bessie,13,14
Mabel,27,16
Samuel,25,12
Gertrude,34,32
Ethel,21,25
Jennie,21,16
Edith,20,29
Hattie,21,17
Mattie,18,19
Julia,15,28
Rose,18,20
Lillian,30,30
David,35,18
